,link,text,user,date,is-retweet,is-pinned,external-link,replying-to,quoted-post,stats,pictures,videos,gifs
0,https://twitter.com/dan_coyle/status/1862493901661090120#m,ğŸš€ Can Rigetti Computing [ $RGTI ] gain momentum or stall out? Dive into a detailed chart analysis and explore its potential for growth.  ğŸ¥ Watch now: https://youtu.be/cJyw5sGxkI0?si=8OKFnKp9fAEsn5MI #Stocks #Investing #Trading #RGTI #StockMarket #AI #QuantumComputing,"{'name': 'Dan Coyle', 'username': '@dan_coyle', 'profile_id': '1604932054495404039', 'avatar': 'https://pbs.twimg.com/profile_images/1604932054495404039/8K4EmuA4_bigger.jpg'}","Nov 29, 2024 Â· 1:48 PM UTC",False,False,,[],{},"{'comments': 0, 'retweets': 0, 'quotes': 0, 'likes': 0}",[],[],[]
1,https://twitter.com/i2gain/status/1862439543888294069#m,#Nifty 54 min chart - important levels and range.  #Nifty50 #Niftytoday #OptionsTrading #Sensex #StockMarket #Stocks #Relaince #HDFCbank,"{'name': 'Puneet, Low risk optionsâ€™ combinations,ğŸ’™', 'username': '@i2gain', 'profile_id': '1193477848029286401', 'avatar': 'https://pbs.twimg.com/profile_images/1193477848029286401/YIAo5rwt_bigger.jpg'}","Nov 29, 2024 Â· 10:12 AM UTC",True,False,,[],{},"{'comments': 0, 'retweets': 0, 'quotes': 0, 'likes': 0}",['https://pbs.twimg.com/media/Gdi2k5RWMAEYMdJ.jpg'],[],[]
2,https://twitter.com/i2gain/status/1862465849086681281#m,#BankNifty 54 min chart - important levels and other details.     #NiftyBank #Nifty #HDFCBank #ICICIBank #Nifty #Stocks #StockMArket #OptionsTrading,"{'name': 'Puneet, Low risk optionsâ€™ combinations,ğŸ’™', 'username': '@i2gain', 'profile_id': '1193477848029286401', 'avatar': 'https://pbs.twimg.com/profile_images/1193477848029286401/YIAo5rwt_bigger.jpg'}","Nov 29, 2024 Â· 11:57 AM UTC",True,False,,[],{},"{'comments': 0, 'retweets': 1, 'quotes': 0, 'likes': 1}",['https://pbs.twimg.com/media/GdjOzwZXoAAbGFV.jpg'],[],[]
3,https://twitter.com/Xstockist/status/1856903929415536864#m,THIS TURMOIL CAN SETTLE   IN 2 TO 4 SESSION  AND WE WILL SEE 25500 (100-200 POINT +/-)  IN DECEMBER LAST  #NIFTY WILL HARDLY BREACH MENTIONED LEVELS  #stockmarketcrash #stockmarketsindia #StockMarketUpdate #StockMarket,"{'name': 'Xstockist', 'username': '@Xstockist', 'profile_id': '1860199988929675264', 'avatar': 'https://pbs.twimg.com/profile_images/1860199988929675264/Wx6N1dGB_bigger.jpg'}","Nov 14, 2024 Â· 3:36 AM UTC",True,False,,[],"{'link': 'https://twitter.com/Xstockist/status/1856628245715959879#m', 'text': '#niftycrash #nifty50 #stockmarketcrash  MUST SEE THIS POST OF 26 SEPTEMBER ğŸ‘‡  https://t.me/StockStationsOfficial/8023', 'user': {'name': 'Xstockist', 'username': '@Xstockist', 'profile_id': '1860199988929675264', 'avatar': 'https://pbs.twimg.com/profile_images/1860199988929675264/Wx6N1dGB_mini.jpg'}, 'date': 'Nov 13, 2024 Â· 9:20 AM UTC', 'pictures': [], 'videos': [], 'gifs': []}","{'comments': 0, 'retweets': 1, 'quotes': 1, 'likes': 0}",[],[],[]
4,https://twitter.com/MoneycontrolH/status/1862493719460749713#m,"#MarketsWithMC : à¤ªà¤¿à¤›à¤²à¥‡ à¤¸à¤¾à¤² à¤•à¥‡ à¤®à¥à¤•à¤¾à¤¬à¤²à¥‡ 50% à¤¤à¤• à¤¡à¤¿à¤¸à¥à¤•à¤¾à¤‰à¤‚à¤Ÿ à¤ªà¤° à¤®à¤¿à¤² à¤°à¤¹à¥‡ à¤¯à¥‡ à¤¸à¥à¤Ÿà¥‰à¤•, à¤•à¥à¤¯à¤¾ à¤†à¤ªà¤•à¥‹ à¤¨à¤¿à¤µà¥‡à¤¶ à¤•à¤°à¤¨à¤¾ à¤šà¤¾à¤¹à¤¿à¤?  https://hindi.moneycontrol.com/news/markets/stocks-trading-with-discounts-of-up-to-50-percent-from-last-year-prices-should-you-invest-1940432.html @BSEIndia @NSEIndia #sensex #nifty #sharemarket #stockmarket #latestnews #MoneycontrolHindi","{'name': 'Moneycontrol Hindi', 'username': '@MoneycontrolH', 'profile_id': '1158688637732585472', 'avatar': 'https://pbs.twimg.com/profile_images/1158688637732585472/2zGxeAer_bigger.png'}","Nov 29, 2024 Â· 1:48 PM UTC",False,False,,[],{},"{'comments': 0, 'retweets': 0, 'quotes': 0, 'likes': 0}",['https://pbs.twimg.com/media/GdjoJ-UW8AApTf5.jpg'],[],[]
5,https://twitter.com/Inc42/status/1862493598836494702#m,"Put on your detective hat, Startup Sherlocks! Can you crack the case and guess the mystery startup behind todayâ€™s clue? ğŸ¤”  Drop your guesses below!  #startup #guessthestartup #sherlockholmes #Inc42 #startupsherlock #brands #unicorn #India #stockmarket","{'name': 'Inc42', 'username': '@Inc42', 'profile_id': '1788045866034425856', 'avatar': 'https://pbs.twimg.com/profile_images/1788045866034425856/Ar3shyHz_bigger.jpg'}","Nov 29, 2024 Â· 1:47 PM UTC",False,False,,[],{},"{'comments': 0, 'retweets': 0, 'quotes': 0, 'likes': 0}",['https://pbs.twimg.com/media/GdjoDlKWoAAgE7R.jpg'],[],[]
6,https://twitter.com/iTrades12/status/1862493382280400980#m,Can we get some #BlackFriday2024 deals in the #StockMarket today?   Asking for a friendâ€¦,"{'name': 'WallStreet StratWizard ğŸ‡µğŸ‡¸', 'username': '@iTrades12', 'profile_id': '1779878000365916160', 'avatar': 'https://pbs.twimg.com/profile_images/1779878000365916160/aB8tGA2o_bigger.jpg'}","Nov 29, 2024 Â· 1:46 PM UTC",False,False,,[],{},"{'comments': 0, 'retweets': 0, 'quotes': 0, 'likes': 0}",[],[],[]
7,https://twitter.com/FlashStoX/status/1862493036997222476#m,"ASHOK LEYLAND LTD.  Hinduja Tech completes acquisition of TECOSIM Group, expanding global footprint and strengthening automotive engineering capabilities.  MCap: 68,125.11 Cr.  CMP: 232.00    #ASHOKLEY #Breaking #FlashStox #StockMarket","{'name': 'FlashStox', 'username': '@FlashStoX', 'profile_id': '1736043733354004480', 'avatar': 'https://pbs.twimg.com/profile_images/1736043733354004480/i2IloiKa_bigger.jpg'}","Nov 29, 2024 Â· 1:45 PM UTC",True,False,,[],{},"{'comments': 0, 'retweets': 1, 'quotes': 0, 'likes': 0}",[],[],[]
8,https://twitter.com/MySoctr/status/1862493096745050400#m,"#TopGainers of the Day -#Nifty200   Check #trending #chartpatterns and #Updates on my.soctr.in/x and ""follow"" @MySoctr #Nifty #Nifty50 #investing #breakoutstocks #StocksInFocus #StocksToWatch #stocks #StocksToBuy #StocksToTrade #StockMarket #trading #stockmarkets #Breakout #nse #breakoutstock #stockmarketindia #sensex #stockideas #Gainers #NiftyMidCap #NiftySmallCap #AdaniGreenEnergy #AdaniGreenEnergyLtd #AdaniEnergyLtd #AdaniEnergy #Fact #BhartiHexacom #BhartihexacomLtd #LicIndia #LicIndiaLtd #FactLtd","{'name': 'Soctr.IN', 'username': '@MySoctr', 'profile_id': '1812895108775485443', 'avatar': 'https://pbs.twimg.com/profile_images/1812895108775485443/hhxgeZJ3_bigger.jpg'}","Nov 29, 2024 Â· 1:45 PM UTC",False,False,,[],{},"{'comments': 0, 'retweets': 0, 'quotes': 0, 'likes': 0}",['https://pbs.twimg.com/media/Gdjnl5BXcAAr4tv.jpg'],[],[]
9,https://twitter.com/MooninPapa/status/1862493035499503828#m,ğŸ“‰ Seeing a pullback in the stock market? Hereâ€™s what it could mean for investors and how to stay prepared! ğŸ’¡ #StockMarket #MarketInsights #thebettertraders,"{'name': 'Aaron Dishner', 'username': '@MooninPapa', 'profile_id': '1488401188949151745', 'avatar': 'https://pbs.twimg.com/profile_images/1488401188949151745/roUPHscu_bigger.jpg'}","Nov 29, 2024 Â· 1:45 PM UTC",False,False,,[],{},"{'comments': 0, 'retweets': 0, 'quotes': 0, 'likes': 1}",[],['https://video.twimg.com/amplify_video/1862492971133812736/vid/avc1/720x1280/nwt1tAgxnUhTiiW1.mp4?tag=14'],[]
10,https://twitter.com/madhusudhanmy/status/1862492771107340487#m,Our Fourth Podcast. Watch it Now & Learn something unique & useful.  #StockMarket #Nifty50 #Nifty #Sensex #BankNifty #BSE #NSE #Investing #Trading #TechnicalAnalysis #StockMarketNews #FinancialFreedom #Investment #StockTrading #StocksToBuy  Watch it here: https://youtu.be/yZ2ysEVspY0,"{'name': 'Madhu M', 'username': '@madhusudhanmy', 'profile_id': '1570200449340538880', 'avatar': 'https://pbs.twimg.com/profile_images/1570200449340538880/L07zV7LN_bigger.jpg'}","Nov 29, 2024 Â· 1:44 PM UTC",True,False,,[],{},"{'comments': 0, 'retweets': 2, 'quotes': 1, 'likes': 2}",[],[],[]
11,https://twitter.com/MadridVetInvest/status/1862492999944450177#m,"What #GuruFocus is saying about $TSLA..... yes, OVERVALUED!!  #StockMarket #Investing #Trading #Stocks #Investment #Finance #Money #Nifty #Forex #ShareMarket #Invest #FinancialFreedom #Investor #Business #StockMarketIndia #DayTrader #Crypto #Cryptocurrency #DayTrading #WallStreet #TechnicalAnalysis #SwingTrading #IntradayTrading #StockMarketNews #stocktrading","{'name': 'MadridVetInvestor', 'username': '@MadridVetInvest', 'profile_id': '1853193979715809280', 'avatar': 'https://pbs.twimg.com/profile_images/1853193979715809280/d7VrnKiw_bigger.jpg'}","Nov 29, 2024 Â· 1:45 PM UTC",False,False,,[],{},"{'comments': 0, 'retweets': 0, 'quotes': 0, 'likes': 1}",['https://pbs.twimg.com/media/GdjnZrkXgAAYWRp.jpg'],[],[]
12,https://twitter.com/time2trend/status/1862492910991941739#m,Whatâ€™s wrong with #TATAMOTORS shares? ..â€¦falling ğŸ˜¢ #StockMarket #India,"{'name': 'Dr.Deepak Yadav', 'username': '@time2trend', 'profile_id': '1158797027930603520', 'avatar': 'https://pbs.twimg.com/profile_images/1158797027930603520/-LtMtB7D_bigger.jpg'}","Nov 29, 2024 Â· 1:44 PM UTC",False,False,,[],{},"{'comments': 0, 'retweets': 0, 'quotes': 0, 'likes': 0}",[],[],[]
13,https://twitter.com/ndtvindia/status/1862402040011661711#m,"à¤ªà¤¾à¤•à¤¿à¤¸à¥à¤¤à¤¾à¤¨ à¤¸à¥à¤Ÿà¥‰à¤• à¤®à¤¾à¤°à¥à¤•à¥‡à¤Ÿ à¤¨à¥‡ à¤°à¤šà¤¾ à¤‡à¤¤à¤¿à¤¹à¤¾à¤¸! 1 à¤²à¤¾à¤– à¤ªà¥à¤µà¤¾à¤‡à¤‚à¤Ÿà¥à¤¸ à¤•à¥‡ à¤ªà¤¾à¤°, à¤…à¤¸à¤²à¥€ à¤¸à¤šà¥à¤šà¤¾à¤ˆ à¤•à¥à¤¯à¤¾ à¤¹à¥ˆ?  #Pakistan | #StockMarket","{'name': 'NDTV India', 'username': '@ndtvindia', 'profile_id': '1800111671827890176', 'avatar': 'https://pbs.twimg.com/profile_images/1800111671827890176/kagL3ykh_bigger.jpg'}","Nov 29, 2024 Â· 7:43 AM UTC",True,False,,[],{},"{'comments': 11, 'retweets': 7, 'quotes': 0, 'likes': 43}",[],['https://video.twimg.com/ext_tw_video/1862401788105682944/pu/vid/avc1/1280x720/HU3bYFrUu4sqF7XX.mp4?tag=12'],[]
14,https://twitter.com/stockaajorkal/status/1862492877034582075#m,"India Reports 5.4 % GDP Growth In Q2 V 7.6 % IN Q2 Fy24 , Below Analyst Estimates Of 6.5 %; Slowest GDP Growth In Last 7 Quarters  . . #stockmarket #stocks #finance #money #reels #investment #portfolio #nifty #banknifty","{'name': 'Stock aaj or kal', 'username': '@stockaajorkal', 'profile_id': '1779008920901881857', 'avatar': 'https://pbs.twimg.com/profile_images/1779008920901881857/NmWkwK77_bigger.jpg'}","Nov 29, 2024 Â· 1:44 PM UTC",False,False,,[],{},"{'comments': 0, 'retweets': 0, 'quotes': 0, 'likes': 2}",['https://pbs.twimg.com/media/GdjnZrBXYAMR5Eb.jpg'],[],[]
15,https://twitter.com/Pradipkuma1050/status/1862492868939481419#m,1/2 When will mutual fund scam is going to stop??? Why  are they buying when fundamentals already deteriorated which common man is aware. Of course fund houses alsoâ€¦.why are funds giving better exit to FIIs.  #nifty #banknifty #StockMarket #NSEIndia,"{'name': 'Pradipkumar Raut', 'username': '@Pradipkuma1050', 'profile_id': '1731024824393510912', 'avatar': 'https://pbs.twimg.com/profile_images/1731024824393510912/WJtPJ2Ps_bigger.jpg'}","Nov 29, 2024 Â· 1:44 PM UTC",False,False,,[],{},"{'comments': 1, 'retweets': 0, 'quotes': 0, 'likes': 0}",[],[],[]
16,https://twitter.com/danongnya73993/status/1862492722734784996#m,"Start your trading journey today and watch how the right strategy can change the game! ğŸ’¹ğŸ”‘ #TradingSuccess""  Hashtag: #Trading #Investing #StockMarket #Forex #Crypto #TraderLife #FinancialIndependence #TradingTips #EuropeanTraders #InvestSmart","{'name': 'memecoin call empire', 'username': '@danongnya73993', 'profile_id': '1861564058266443776', 'avatar': 'https://pbs.twimg.com/profile_images/1861564058266443776/EhlHo7M__bigger.jpg'}","Nov 29, 2024 Â· 1:44 PM UTC",False,False,,[],{},"{'comments': 0, 'retweets': 0, 'quotes': 0, 'likes': 0}",[],['https://video.twimg.com/ext_tw_video/1862492697547718656/pu/vid/avc1/576x1024/MJ8C1mjXTeDqhrNQ.mp4?tag=12'],[]
17,https://twitter.com/JimyTuits/status/1862492718095900909#m,ğŸ‘€ $EVI  Like ğŸ˜ ğŸ™  #investing #ToTheMoon #news #UnusualActivity #daytrading #StocksToWatch #StocksToBuy #wallstreet #bottomfishing #StockMarket #Stocks #options #marketupdates #tradingstrategy #ChatGPT,"{'name': 'â˜˜ï¸ Jimy.app@ğ•', 'username': '@JimyTuits', 'profile_id': '1691295848150286336', 'avatar': 'https://pbs.twimg.com/profile_images/1691295848150286336/q1hWktn1_bigger.jpg'}","Nov 29, 2024 Â· 1:44 PM UTC",False,False,,[],{},"{'comments': 0, 'retweets': 0, 'quotes': 0, 'likes': 0}",[],[],[]
18,https://twitter.com/AletihadEn/status/1862492658041516452#m,#UAE #stockmarket closures    #AletihadNewsCenter #ADX #DFM #stockmarkets @ADX_AE @DFMalerts,"{'name': 'Aletihad English', 'username': '@AletihadEn', 'profile_id': '1704038361189498880', 'avatar': 'https://pbs.twimg.com/profile_images/1704038361189498880/MJ_UogWi_bigger.jpg'}","Nov 29, 2024 Â· 1:43 PM UTC",False,False,,[],{},"{'comments': 0, 'retweets': 0, 'quotes': 0, 'likes': 0}",['https://pbs.twimg.com/media/GdjnLrhX0AEWav8.jpg'],[],[]
19,https://twitter.com/mybookmojo/status/1862335877063876629#m,EMA vs SMAğŸ“Š  Learn & PracticeğŸ“ˆ #stocks #trading #stockmarket,"{'name': 'Mybookmojo', 'username': '@mybookmojo', 'profile_id': '1694592642846208000', 'avatar': 'https://pbs.twimg.com/profile_images/1694592642846208000/G-Z1kBfc_bigger.jpg'}","Nov 29, 2024 Â· 3:20 AM UTC",True,False,,[],{},"{'comments': 1, 'retweets': 26, 'quotes': 0, 'likes': 143}",['https://pbs.twimg.com/media/GdhYmlaXQAAduNw.jpg'],[],[]
20,https://twitter.com/SeekingAlpha/status/1860788642161340589#m,$LAC $LAC:CA - Lithium Americas: Long-Term Value And Growth As US Poised To Dominate Lithium By 2035. https://seekingalpha.com/article/4739946-lithium-americas-long-term-value-growth-us-poised-to-dominate-lithium-by-2035?source=feed_f&utm_campaign=twitter_automated&utm_content=article&utm_medium=social&utm_source=twitter_automated #finance #stockmarket #stocks,"{'name': 'Seeking Alpha', 'username': '@SeekingAlpha', 'profile_id': '534299535552421888', 'avatar': 'https://pbs.twimg.com/profile_images/534299535552421888/eHacq8EQ_bigger.png'}","Nov 24, 2024 Â· 8:52 PM UTC",True,False,,[],{},"{'comments': 1, 'retweets': 3, 'quotes': 0, 'likes': 5}",[],[],[]
21,https://twitter.com/AstroSharmistha/status/1862042975674790241#m,#StockMarket is going exactly as per my prediction which was done in Sept. Mid October correction then a bit recovery once Saturn direct again end of Nov gng down. Now wait for rest of the prediction to come true in December. Where are those who predicted #Nifty will touch 25k then 27k? Please tag them here.,"{'name': 'Astro Sharmistha', 'username': '@AstroSharmistha', 'profile_id': '703137384578158592', 'avatar': 'https://pbs.twimg.com/profile_images/703137384578158592/dTv-b4wI_bigger.jpg'}","Nov 28, 2024 Â· 7:56 AM UTC",True,False,,[],{},"{'comments': 137, 'retweets': 89, 'quotes': 6, 'likes': 1291}",[],[],[]
22,https://twitter.com/vishal_susheel/status/1862136721988575490#m,"ğŸš€ This Hidden GEM is Set to 3xğŸš€  ğŸ’° CMP 18 | TARGET 54+ğŸ¯ğŸ’°  ğŸ“ŒFollow, Retweet, and Comment to get a stock name in your DM  #nifty #HFCL #OptionsTrading #Adani #StocksToBuy #paytm #stockmarket #StockMarket #BreakoutStock #PennyStock #Paytm #SwingTrading #HFCL #IREDA #NTPC #ipo","{'name': 'Vishal Susheel (Vizu Stock Market Hints)', 'username': '@vishal_susheel', 'profile_id': '1359091412512329729', 'avatar': 'https://pbs.twimg.com/profile_images/1359091412512329729/g0aUbpW2_bigger.jpg'}","Nov 28, 2024 Â· 2:09 PM UTC",True,False,,[],{},"{'comments': 63, 'retweets': 43, 'quotes': 1, 'likes': 66}",['https://pbs.twimg.com/media/GdejE7pXsAA16FX.png'],[],[]
23,https://twitter.com/AuzhraX/status/1862492496976040256#m,Balls deep rn  GoodluckğŸ‘€.  #VIX #Volatility #StockMarket #DowJones #NASDAQ,"{'name': 'Auz', 'username': '@AuzhraX', 'profile_id': '1807503336813555712', 'avatar': 'https://pbs.twimg.com/profile_images/1807503336813555712/nNZv75Nt_bigger.jpg'}","Nov 29, 2024 Â· 1:43 PM UTC",False,False,,[],"{'link': 'https://twitter.com/AuzhraX/status/1857450471574708596#m', 'text': 'Watch the $VIX  ğŸ˜‰ğŸ˜ğŸ˜.  #volatility #VIX #NASDAQ100 #DowJones #SPX #SP500 #Commodities #Index #Trading', 'user': {'name': 'Auz', 'username': '@AuzhraX', 'profile_id': '1807503336813555712', 'avatar': 'https://pbs.twimg.com/profile_images/1807503336813555712/nNZv75Nt_mini.jpg'}, 'date': 'Nov 15, 2024 Â· 3:47 PM UTC', 'pictures': [], 'videos': [], 'gifs': []}","{'comments': 0, 'retweets': 0, 'quotes': 0, 'likes': 0}",[],[],[]
24,https://twitter.com/zamindar317/status/1862492050060345780#m,"#StockMarket bottom Ka toh Pata nai but seems like #GDPGrowth Ka bottom AA jaega in next 4 years. Thank you @nsitharaman for never listening to middle class , industries and most importantly tax payers ğŸ™","{'name': 'zamindar', 'username': '@zamindar317', 'profile_id': '1809190037164318721', 'avatar': 'https://pbs.twimg.com/profile_images/1809190037164318721/w75ycjbc_bigger.jpg'}","Nov 29, 2024 Â· 1:41 PM UTC",False,False,,[],{},"{'comments': 0, 'retweets': 0, 'quotes': 0, 'likes': 0}",[],[],[]
25,https://twitter.com/rymondIncKenya/status/1862491956259238239#m,"U.S. markets open for a shortened session after Thanksgiving. Dow & S&P 500 near record highs despite tech sell-offs. Fed minutes signal cautious, gradual rate cuts as inflation hits 2.3% YoY, matching expectations. #StockMarket #SP500 #Nasdaq100 #Russell2000 #FederalReserve","{'name': 'Rymond_Inc', 'username': '@rymondIncKenya', 'profile_id': '1761014468245389312', 'avatar': 'https://pbs.twimg.com/profile_images/1761014468245389312/5fveWed8_bigger.jpg'}","Nov 29, 2024 Â· 1:41 PM UTC",False,False,,[],{},"{'comments': 0, 'retweets': 0, 'quotes': 0, 'likes': 0}",['https://pbs.twimg.com/media/GdjmYnhW8AA9iEG.png'],[],[]
26,https://twitter.com/anujprajapati11/status/1861823676846338192#m,Indian Stock Market Charges ğŸ˜³  #StockMarket #stockmarketcrash #StockMarketIndia #Stockmarkets #niftyOptions #StockTrading #Nifty50 #niftycrash #investment,"{'name': 'Anuj Prajapati', 'username': '@anujprajapati11', 'profile_id': '1426910366416572424', 'avatar': 'https://pbs.twimg.com/profile_images/1426910366416572424/AxZHm7t8_bigger.jpg'}","Nov 27, 2024 Â· 5:25 PM UTC",True,False,,[],{},"{'comments': 17, 'retweets': 65, 'quotes': 2, 'likes': 188}",['https://pbs.twimg.com/media/GdaGww5WMAAeWc1.jpg'],[],[]
27,https://twitter.com/Joshkirby710/status/1862158049047113886#m,CFB Happy Thanksgiving ğŸ¦ƒ  Time to eat!! ğŸ˜†ğŸ™‚â€â†”ï¸ cfbgenerator.com #cfbgenerator $CFB and $Qubic qubic.org cfbtoken.com  Join the discord  mee6.xyz/i/5cYmYlEaAv $Qubic @_Qubic_ $CFB @c_f_b_token #Memecoin #StockMarket #Crypto #AI #Qubic #CFB #altcoin #decentralized #money #PEPE #solmemecoins,"{'name': '×± kirby ×±', 'username': '@Joshkirby710', 'profile_id': '1797321506273521664', 'avatar': 'https://pbs.twimg.com/profile_images/1797321506273521664/HnZ_vX1C_bigger.jpg'}","Nov 28, 2024 Â· 3:34 PM UTC",True,False,,[],{},"{'comments': 2, 'retweets': 8, 'quotes': 0, 'likes': 31}",[],['https://video.twimg.com/amplify_video/1862157992130416640/vid/avc1/592x1072/DzwcgdWc4AQ7KJ53.mp4?tag=16'],[]
28,https://twitter.com/AmnGrow3978/status/1862491766332825821#m,ğŸ” Why #adanigreenenergy is a wealth destroyer ğŸ¤” ğŸ”´ its Debts to Equity Ratio:-8.29 very very Risky Don't  ignore it ğŸ˜“  Only for educational purpose #Adani #sharemarket #StockMarket #StockMarketUpdate #stockmarketsindia #stockmarketcrash #niftycrash #NiftyBank #Nifty50 #nifty,"{'name': 'Amn Grow (trader)', 'username': '@AmnGrow3978', 'profile_id': '1798709941613797376', 'avatar': 'https://pbs.twimg.com/profile_images/1798709941613797376/IYciweu9_bigger.png'}","Nov 29, 2024 Â· 1:40 PM UTC",False,False,,[],{},"{'comments': 0, 'retweets': 0, 'quotes': 0, 'likes': 1}","['https://pbs.twimg.com/media/GdjmYNqXkAA7xwn.jpg', 'https://pbs.twimg.com/media/GdjmYW-WgAA-2wg.jpg']",[],[]
29,https://twitter.com/Neerajb99439353/status/1862491703720177819#m,"These days, IPOs aren't about long-term investment anymoreâ€”it's all about those sweet listing gains. ğŸ“ˆğŸ’° #IPO #StockMarket #TradingMindset #StockMarket #TradingWoes #Hurts #INR #market #portfolio #market #tradingstrategy #ChampionsTrophy2025 #Indians","{'name': 'Neeraj bhatt', 'username': '@Neerajb99439353', 'profile_id': '1389498354631995392', 'avatar': 'https://pbs.twimg.com/profile_images/1389498354631995392/gOI2jslf_bigger.jpg'}","Nov 29, 2024 Â· 1:40 PM UTC",False,False,,[],{},"{'comments': 0, 'retweets': 0, 'quotes': 0, 'likes': 1}",[],[],[]
30,https://twitter.com/HedgeFundTips/status/1862491646195061005#m,Coming up on @YahooFinance at 10:05 am to talk #StockMarket.  Tune in if you are free: https://www.youtube.com/live/OAHHA27td-A?si=LQgKKBsekeZPu1HI,"{'name': 'Thomas J. Hayes', 'username': '@HedgeFundTips', 'profile_id': '1575651149990035457', 'avatar': 'https://pbs.twimg.com/profile_images/1575651149990035457/g11Rgjzo_bigger.jpg'}","Nov 29, 2024 Â· 1:39 PM UTC",False,False,,[],{},"{'comments': 0, 'retweets': 0, 'quotes': 0, 'likes': 2}",[],[],[]
31,https://twitter.com/Gaurav_7887/status/1862394856456560891#m,"ğŸ“ŠThis Hidden GEM is Set to 4X  ğŸ“Œ| CMP 46  TARGET ğŸ¯ 160++ğŸ’¸  ğŸ€Follow , Retweet and Comment â€˜doneâ€™  to get stock name in your DMğŸ“¥  ğ‰ğ¨ğ¢ğ§ ğ¨ğ®ğ« ğ“ğğ¥ğğ ğ«ğšğ¦ ğœğ¡ğšğ§ğ§ğğ¥ ğŸ”— https://t.me/gauravtiwari7887 #StockMarket #SwingTrading #HFCL #IREDA #OptionsTrading #nifty50 #IPOAlert #Multibagger #StocksToBuy #stockstowatch #StockMarketindia #Breakout #TataMotors #Ola","{'name': 'Gaurav Tiwari', 'username': '@Gaurav_7887', 'profile_id': '1812531991423647744', 'avatar': 'https://pbs.twimg.com/profile_images/1812531991423647744/GB9LRNn7_bigger.jpg'}","Nov 29, 2024 Â· 7:15 AM UTC",True,False,,[],{},"{'comments': 52, 'retweets': 37, 'quotes': 3, 'likes': 42}",['https://pbs.twimg.com/media/GdiOPh_boAIBIR7.jpg'],[],[]
32,https://twitter.com/raj_aarem/status/1862491253398482972#m,Bonus shares were announced by Vaishali pharma and ex bonus date was fixed on 15 Oct 2024. Though  price was adjusted for bonus shares. I am yet to receive those bonus shares. Can you help? @zerodhaonline @ Vaishalipharma  #StockMarket,"{'name': 'Raj Mohan', 'username': '@raj_aarem', 'profile_id': '1814302230406893568', 'avatar': 'https://pbs.twimg.com/profile_images/1814302230406893568/MrTutRcV_bigger.jpg'}","Nov 29, 2024 Â· 1:38 PM UTC",False,False,,[],{},"{'comments': 0, 'retweets': 0, 'quotes': 0, 'likes': 0}",[],[],[]
33,https://twitter.com/vikram_lingam/status/1862491066785833238#m,Wait for some exciting AI and ML features on MoolyaVeda.in #StockMarket #investments #Startups #Technology,"{'name': 'Vikram', 'username': '@vikram_lingam', 'profile_id': '1763442699384864768', 'avatar': 'https://pbs.twimg.com/profile_images/1763442699384864768/gjxgUWiG_bigger.jpg'}","Nov 29, 2024 Â· 1:37 PM UTC",True,False,,[],{},"{'comments': 0, 'retweets': 1, 'quotes': 0, 'likes': 0}",[],[],[]
34,https://twitter.com/mybookmojo/status/1862366126543708363#m,Hammer CandlestickğŸ“Š  Learn & PracticeğŸ“ˆ #stocks #trading #stockmarket,"{'name': 'Mybookmojo', 'username': '@mybookmojo', 'profile_id': '1694592642846208000', 'avatar': 'https://pbs.twimg.com/profile_images/1694592642846208000/G-Z1kBfc_bigger.jpg'}","Nov 29, 2024 Â· 5:21 AM UTC",True,False,,[],{},"{'comments': 2, 'retweets': 21, 'quotes': 1, 'likes': 138}",['https://pbs.twimg.com/media/GdhYyItaYAAT-C_.jpg'],[],[]
35,https://twitter.com/allupent/status/1862491052478758933#m,Just so you know!!! Get in and work quickly! ğŸ“ˆ ğŸ§‘â€ğŸ’» #StockMarket #stockmarkets #StocksToBuy #Trump #WallStreet #bonds #CryptoNews,"{'name': 'All Up Entertainment ğŸ', 'username': '@allupent', 'profile_id': '1654626205457588224', 'avatar': 'https://pbs.twimg.com/profile_images/1654626205457588224/hTsfubdB_bigger.jpg'}","Nov 29, 2024 Â· 1:37 PM UTC",False,False,,[],{},"{'comments': 0, 'retweets': 0, 'quotes': 0, 'likes': 0}",['https://pbs.twimg.com/media/GdjlvjNXIAAs9pS.jpg'],[],[]
36,https://twitter.com/suncryp_academy/status/1861638797722853699#m,"ğŸš¨JUST IN: #Valour, the crypto fund issuer, has introduced the first exchange-traded product (ETP) for #Dogecoin, the well-known memecoin, according to a Nov. 26 announcement from Valour's parent firm, #DeFi Technologies.  The ETP will trade on Sweden's Spotlight #StockMarket, giving regular and institutional investors access to the world's largest memecoin by market capitalization.  #DOGE #DogecoinToTheMoon #dogeusdt #suncrypto","{'name': 'SunCrypto Academy', 'username': '@suncryp_academy', 'profile_id': '1686335677481488385', 'avatar': 'https://pbs.twimg.com/profile_images/1686335677481488385/1ruV5Sax_bigger.jpg'}","Nov 27, 2024 Â· 5:10 AM UTC",True,False,,[],{},"{'comments': 5, 'retweets': 9, 'quotes': 0, 'likes': 29}",[],['https://video.twimg.com/ext_tw_video/1861638718937051136/pu/vid/avc1/498x280/cdS1VdE0ZMYO526D.mp4?tag=12'],[]
37,https://twitter.com/manojsharma_1/status/1862271882470273049#m,FIIs are selling...DIIs not buying...It's pulled down NSE and BSE down on 28 November.  What will happen today? Will it go down further?  @NSEIndia @BSEIndia #StockMarket #stockmarkets,"{'name': 'Manoj Sharma', 'username': '@manojsharma_1', 'profile_id': '646016434686943232', 'avatar': 'https://pbs.twimg.com/profile_images/646016434686943232/OtcN0Q1c_bigger.jpg'}","Nov 28, 2024 Â· 11:06 PM UTC",True,False,,[],{},"{'comments': 0, 'retweets': 1, 'quotes': 0, 'likes': 2}",['https://pbs.twimg.com/media/GdgeXszXUAE1Xtz.jpg'],[],[]
38,https://twitter.com/Stock_marketIND/status/1862466147125535175#m,Adani Green  The stock has recovered almost completely from the steep fallğŸ”»due to the allegations on #Adani regarding bribery.  Surged 22% â¬†ï¸ today  All the Adani stocks are in greenğŸŸ¢  Even Adani Energy Solutions stock surged 16% â¬†ï¸ today.  #StockMarket #Nifty #stocks #Crypto,"{'name': 'Stock Market India ğŸ‡®ğŸ‡³', 'username': '@Stock_marketIND', 'profile_id': '1829980987062640640', 'avatar': 'https://pbs.twimg.com/profile_images/1829980987062640640/64qMjMNQ_bigger.jpg'}","Nov 29, 2024 Â· 11:58 AM UTC",True,False,,[],{},"{'comments': 1, 'retweets': 1, 'quotes': 0, 'likes': 2}","['https://pbs.twimg.com/media/GdjPFgYXMAAO5v4.jpg', 'https://pbs.twimg.com/media/GdjPFd9WwAAjutr.jpg']",[],[]
39,https://twitter.com/mybookmojo/status/1862472326581035246#m,Good vs Bad Support Zone AcceptanceğŸ“Š  Learn & PracticeğŸ“ˆ #stocks #trading #stockmarket,"{'name': 'Mybookmojo', 'username': '@mybookmojo', 'profile_id': '1694592642846208000', 'avatar': 'https://pbs.twimg.com/profile_images/1694592642846208000/G-Z1kBfc_bigger.jpg'}","Nov 29, 2024 Â· 12:23 PM UTC",True,False,,[],{},"{'comments': 1, 'retweets': 7, 'quotes': 0, 'likes': 41}",['https://pbs.twimg.com/media/GdhZZPDWwAAVWoD.jpg'],[],[]
40,https://twitter.com/FXOpenBroker/status/1862490721187492102#m,How Black Friday Could Impact the Stock Market in 2024 Discover how Black Friday trends might shape stock market performance in 2024. ğŸ“ˆ https://cutt.ly/xeL6XjUG #BlackFriday2024 #MarketUpdates #StockMarket #BlackFridayDeals,"{'name': '@FXOpenBroker', 'username': '@FXOpenBroker', 'profile_id': '1437354192755216386', 'avatar': 'https://pbs.twimg.com/profile_images/1437354192755216386/my30r-rV_bigger.jpg'}","Nov 29, 2024 Â· 1:36 PM UTC",False,False,,[],{},"{'comments': 0, 'retweets': 0, 'quotes': 0, 'likes': 0}",[],[],[]
41,https://twitter.com/NDTVProfitIndia/status/1862490533551075490#m,"#DIIs net buy shares worth Rs 5,723 crore. #NDTVProfitMarkets   Here's what happened in the #stockmarket today: https://bit.ly/49f59wf","{'name': 'NDTV Profit', 'username': '@NDTVProfitIndia', 'profile_id': '1740352957135122433', 'avatar': 'https://pbs.twimg.com/profile_images/1740352957135122433/0lVQZFAl_bigger.jpg'}","Nov 29, 2024 Â· 1:35 PM UTC",False,False,,[],{},"{'comments': 0, 'retweets': 0, 'quotes': 0, 'likes': 1}",['https://pbs.twimg.com/media/GdjlHtoWwAArfJ-.jpg'],[],[]
42,https://twitter.com/NDTVProfitIndia/status/1862490529197396151#m,#Equity Segment Flow: November 29  Here's what happened in the #stockmarket today: https://bit.ly/49f59wf,"{'name': 'NDTV Profit', 'username': '@NDTVProfitIndia', 'profile_id': '1740352957135122433', 'avatar': 'https://pbs.twimg.com/profile_images/1740352957135122433/0lVQZFAl_bigger.jpg'}","Nov 29, 2024 Â· 1:35 PM UTC",False,False,,[],{},"{'comments': 1, 'retweets': 0, 'quotes': 0, 'likes': 3}",['https://pbs.twimg.com/media/Gdjj_DNXkAABj2x.jpg'],[],[]
43,https://twitter.com/tradeducky/status/1862490527226032288#m,Exploring the thrilling world of #stockmarket ğŸ“ˆ Dive deep in these waves of numbers and trends! ğŸŒŠğŸ’° #InvestmentGoals #TradeThrills,"{'name': 'TradeDucky', 'username': '@tradeducky', 'profile_id': '1822633013470982144', 'avatar': 'https://pbs.twimg.com/profile_images/1822633013470982144/UBWjlZUo_bigger.jpg'}","Nov 29, 2024 Â· 1:35 PM UTC",False,False,,[],{},"{'comments': 0, 'retweets': 0, 'quotes': 0, 'likes': 0}",['https://pbs.twimg.com/media/GdjlQ6vWQAADEKR.jpg'],[],[]
44,https://twitter.com/JimyTuits/status/1862490448658366881#m,Take a look to $TSLL #ToTheMoon #options #StocksToWatch #bottomfishing #wallstreet #news #StockMarket #Stocks #UnusualActivity #marketupdates #investing #StocksToBuy #tradingstrategy #daytrading #ChatGPT https://jimy.app/?Simbolo=TSLL&xlo=1732887300.2294,"{'name': 'â˜˜ï¸ Jimy.app@ğ•', 'username': '@JimyTuits', 'profile_id': '1691295848150286336', 'avatar': 'https://pbs.twimg.com/profile_images/1691295848150286336/q1hWktn1_bigger.jpg'}","Nov 29, 2024 Â· 1:35 PM UTC",False,False,,[],{},"{'comments': 0, 'retweets': 0, 'quotes': 0, 'likes': 1}",[],[],[]
45,https://twitter.com/ETNowSwadesh/status/1862455826583364028#m,#MarketWithSwadesh | FISCAL DEFICIT DATA  à¤…à¤ªà¥à¤°à¥ˆà¤²-à¤…à¤•à¥à¤Ÿà¥‚à¤¬à¤° à¤µà¤¿à¤¤à¥à¤¤à¥€à¤¯ à¤˜à¤¾à¤Ÿà¤¾ â‚¹7.50 à¤²à¤¾à¤– à¤•à¤°à¥‹à¤¡à¤¼  à¤µà¤¿à¤¤à¥à¤¤à¥€à¤¯ à¤˜à¤¾à¤Ÿà¤¾ â‚¹8.03 Lk Cr à¤¸à¥‡ à¤˜à¤Ÿà¤•à¤° â‚¹7.50 à¤²à¤¾à¤– à¤•à¤°à¥‹à¤¡à¤¼   #StockMarket #FiscalDeficitData,"{'name': 'ET Now Swadesh', 'username': '@ETNowSwadesh', 'profile_id': '1761357376291233792', 'avatar': 'https://pbs.twimg.com/profile_images/1761357376291233792/xmdqjFej_bigger.jpg'}","Nov 29, 2024 Â· 11:17 AM UTC",True,False,,[],{},"{'comments': 0, 'retweets': 3, 'quotes': 0, 'likes': 9}",['https://pbs.twimg.com/media/GdjFrc1W0AAF6_a.jpg'],[],[]
46,https://twitter.com/anujprajapati11/status/1857372000227873041#m,"Dear Stock Investors,   Whatâ€™s Your Personality ğŸ¤”  #stockmarketcrash #StockMarketIndia #stockmarketnews #StockMarketUpdate #StockMarket #nifty50 #NiftyBank #niftycrash #NIFTYFUTURE #smallcap #midcap","{'name': 'Anuj Prajapati', 'username': '@anujprajapati11', 'profile_id': '1426910366416572424', 'avatar': 'https://pbs.twimg.com/profile_images/1426910366416572424/AxZHm7t8_bigger.jpg'}","Nov 15, 2024 Â· 10:36 AM UTC",True,False,,[],{},"{'comments': 18, 'retweets': 68, 'quotes': 3, 'likes': 146}",['https://pbs.twimg.com/media/Gca1_GvXQAEp3i5.jpg'],[],[]
47,https://twitter.com/DreamsFlas11220/status/1862490075994497476#m,Key company in #NIFTYEV INDEX  #EV #Automobile #Trump #ElectricVehicles #StockMarket @AngelOne,"{'name': 'RRV trading', 'username': '@DreamsFlas11220', 'profile_id': '1829925192908378112', 'avatar': 'https://pbs.twimg.com/profile_images/1829925192908378112/bkD8rlEU_bigger.jpg'}","Nov 29, 2024 Â· 1:33 PM UTC",False,False,,[],{},"{'comments': 0, 'retweets': 0, 'quotes': 0, 'likes': 0}",['https://pbs.twimg.com/media/Gdjk2SEaMAAyW39.jpg'],[],[]
48,https://twitter.com/stockaajorkal/status/1862489985129091362#m,Forex reserves drop $1.31 billion to $656.5 billion. . . . #stockmarket #stocks #finance #money #reels #investment #portfolio #nifty #banknifty,"{'name': 'Stock aaj or kal', 'username': '@stockaajorkal', 'profile_id': '1779008920901881857', 'avatar': 'https://pbs.twimg.com/profile_images/1779008920901881857/NmWkwK77_bigger.jpg'}","Nov 29, 2024 Â· 1:33 PM UTC",False,False,,[],{},"{'comments': 0, 'retweets': 0, 'quotes': 0, 'likes': 1}",['https://pbs.twimg.com/media/GdjkxVxXwAAemZL.jpg'],[],[]
49,https://twitter.com/StockSwingCycle/status/1862489931492348016#m,WEF hints at XRP-Hedera partnership with Goldman Sachs.  #XRP #Hedera #Blockchain #nifty #OptionsTrading #Adani #StocksToBuy #paytm #stockmarket #StockMarket #BreakoutStock #PennyStock #Paytm #SwingTrading #NTPC #ipo #StockMarket #Fintech #InvestingTips https://www.crypto-news-flash.com/world-economic-forum-member-hints-at-possible-xrp-and-hedera-partnership-with-goldman-sachs/,"{'name': 'Stock Swing Cycle', 'username': '@StockSwingCycle', 'profile_id': '1820562769550135296', 'avatar': 'https://pbs.twimg.com/profile_images/1820562769550135296/G0mQF_SM_bigger.jpg'}","Nov 29, 2024 Â· 1:32 PM UTC",False,False,,[],{},"{'comments': 0, 'retweets': 0, 'quotes': 0, 'likes': 1}",[],[],[]
50,https://twitter.com/JohnnySalgado83/status/1862355680901886438#m,"@Micro2Macr0, 1 video, options 101... the rest is history  SOFI options are still printing $$ SMCI options printing $$ CLSK printing $  TSLA printing $$ #Investments #StockMarket #Investing #Tsla #CallOptions","{'name': 'Johnny Salgado', 'username': '@JohnnySalgado83', 'profile_id': '1815222917313028096', 'avatar': 'https://pbs.twimg.com/profile_images/1815222917313028096/-Us_rgs1_bigger.jpg'}","Nov 29, 2024 Â· 4:39 AM UTC",True,False,,[],{},"{'comments': 5, 'retweets': 6, 'quotes': 0, 'likes': 75}",['https://pbs.twimg.com/media/Gdhqn19WIAAA8_C.jpg'],[],[]
51,https://twitter.com/SeekingAlpha/status/1862489235426877448#m,$DELL - Dell: Temporary Blip Presents A Rock-Solid Buying Opportunity. https://seekingalpha.com/article/4740971-dell-temporary-blip-presents-a-rock-solid-buying-opportunity?source=feed_f&utm_campaign=twitter_automated&utm_content=article&utm_medium=social&utm_source=twitter_automated #stockmarket #markets #trading,"{'name': 'Seeking Alpha', 'username': '@SeekingAlpha', 'profile_id': '534299535552421888', 'avatar': 'https://pbs.twimg.com/profile_images/534299535552421888/eHacq8EQ_bigger.png'}","Nov 29, 2024 Â· 1:30 PM UTC",False,False,,[],{},"{'comments': 1, 'retweets': 0, 'quotes': 0, 'likes': 2}",[],[],[]
52,https://twitter.com/SeekingAlpha/status/1862489233010954562#m,$GOGL - Golden Ocean Group: The Drop In Stock Price May Offer An Opportunity. https://seekingalpha.com/article/4741105-golden-ocean-group-stock-price-drop-may-offer-opportunity?source=feed_f&utm_campaign=twitter_automated&utm_content=article&utm_medium=social&utm_source=twitter_automated #stockmarket #stocks #finance,"{'name': 'Seeking Alpha', 'username': '@SeekingAlpha', 'profile_id': '534299535552421888', 'avatar': 'https://pbs.twimg.com/profile_images/534299535552421888/eHacq8EQ_bigger.png'}","Nov 29, 2024 Â· 1:30 PM UTC",False,False,,[],{},"{'comments': 0, 'retweets': 0, 'quotes': 0, 'likes': 1}",[],[],[]
53,https://twitter.com/woketopiansa/status/1862489217282060734#m,"âœ… Tip: Combine this with research. â€¢After a drop: Check if the issues are temporary or fundamental. â€¢After a rise: Look for signs of hype vs real growth.  Like any strategy, this works best with patience, analysis, and risk management. #StockMarket #Investing","{'name': 'WoketopianXBT', 'username': '@woketopiansa', 'profile_id': '1457541465828118529', 'avatar': 'https://pbs.twimg.com/profile_images/1457541465828118529/Ur-Ky09A_bigger.jpg'}","Nov 29, 2024 Â· 1:30 PM UTC",False,False,,[],{},"{'comments': 0, 'retweets': 0, 'quotes': 0, 'likes': 0}",[],[],[]
54,https://twitter.com/Equiscale_/status/1862489190765896039#m,"Dividends: à¤†à¤ªà¤•à¥‡ profits à¤•à¤¾ à¤¹à¤¿à¤¸à¥à¤¸à¤¾, à¤à¤• steady passive income à¤•à¤¾ source! ğŸ’° Dividend-paying stocks à¤¸à¥‡ regular payouts à¤ªà¤¾à¤à¤‚ à¤¯à¤¾ reinvest à¤•à¤°à¥‡à¤‚à¥¤ à¤…à¤¬ investing à¤•à¥‹ smart à¤¬à¤¨à¤¾à¤à¤‚! ğŸš€  #Dividends #PassiveIncome #StockMarket #FinancialFreedom #Equiscale #Stocks","{'name': 'Equiscale', 'username': '@Equiscale_', 'profile_id': '1857521980431302657', 'avatar': 'https://pbs.twimg.com/profile_images/1857521980431302657/kSqmwt_g_bigger.jpg'}","Nov 29, 2024 Â· 1:30 PM UTC",False,False,,[],{},"{'comments': 0, 'retweets': 0, 'quotes': 0, 'likes': 0}",[],['https://video.twimg.com/ext_tw_video/1862343702183550976/pu/vid/avc1/720x1280/Yy9iCYH7Nvo850ns.mp4?tag=12'],[]
55,https://twitter.com/JimyTuits/status/1862489190409126339#m,ğŸ‘‡ $FINMY  Like ğŸ˜ ğŸ™  #daytrading #UnusualActivity #news #tradingstrategy #marketupdates #wallstreet #StocksToWatch #StocksToBuy #bottomfishing #ToTheMoon #Stocks #StockMarket #options #investing #ChatGPT,"{'name': 'â˜˜ï¸ Jimy.app@ğ•', 'username': '@JimyTuits', 'profile_id': '1691295848150286336', 'avatar': 'https://pbs.twimg.com/profile_images/1691295848150286336/q1hWktn1_bigger.jpg'}","Nov 29, 2024 Â· 1:30 PM UTC",False,False,,[],{},"{'comments': 0, 'retweets': 0, 'quotes': 0, 'likes': 0}",[],[],[]
56,https://twitter.com/SeekingAlpha/status/1862489166678040806#m,$ALEX - Alexander & Baldwin: This Rock Solid Hawaiian REIT Is Built To Last. https://seekingalpha.com/article/4741121-alexander-and-baldwin-this-rock-solid-hawaiian-reit-is-built-to-last?source=feed_f&utm_campaign=twitter_automated&utm_content=article&utm_medium=social&utm_source=twitter_automated #business #stockmarket #trading,"{'name': 'Seeking Alpha', 'username': '@SeekingAlpha', 'profile_id': '534299535552421888', 'avatar': 'https://pbs.twimg.com/profile_images/534299535552421888/eHacq8EQ_bigger.png'}","Nov 29, 2024 Â· 1:29 PM UTC",False,False,,[],{},"{'comments': 0, 'retweets': 0, 'quotes': 0, 'likes': 1}",[],[],[]
57,https://twitter.com/FinAspiration/status/1862475543419265391#m,ğŸŒŸ  Indian Government Has Proposed 16000 crs order in Tenders for Railway Safety   ğŸ‘‰ 5  Companies Which are Actively Working in Kavach Sector ğŸ”¥  ğŸŒŸ A Detailed Thread ğŸ§µğŸ‘‡  #stockmarketcrash #stockmarkets #stocks #StocksToWatch #investing #StockMarket #Railway #railwaystation #kavach #safety #railwaysafety,"{'name': 'FinAspiration', 'username': '@FinAspiration', 'profile_id': '1781474597147402240', 'avatar': 'https://pbs.twimg.com/profile_images/1781474597147402240/msBo3206_bigger.jpg'}","Nov 29, 2024 Â· 12:35 PM UTC",True,False,,[],{},"{'comments': 2, 'retweets': 5, 'quotes': 0, 'likes': 32}",['https://pbs.twimg.com/media/GdjXgO9XAAA3Ltv.jpg'],[],[]
58,https://twitter.com/tradingtwenty/status/1862488937777783198#m,Top trending #StockMarket industries to keep an eye on this morning:               Biotechnology $JAZZ ğŸ”¥ Software - Infrastructure $GRRR      Computer Hardware $RGTI Software - Application $SOUN             Semiconductors $INTC                   Link: https://tradingtwenty.com/dashboard/trending/past,"{'name': 'Trading Twenty', 'username': '@tradingtwenty', 'profile_id': '1738700056386039808', 'avatar': 'https://pbs.twimg.com/profile_images/1738700056386039808/XKY2d7Ow_bigger.jpg'}","Nov 29, 2024 Â· 1:29 PM UTC",False,False,,[],{},"{'comments': 0, 'retweets': 1, 'quotes': 0, 'likes': 0}",['https://pbs.twimg.com/media/GdjjfRKWsAEDVuL.jpg'],[],[]
59,https://twitter.com/imsoet/status/1862488821033488616#m,EU energy crisis pushes renewable energy stocks higher. Policy shifts and opportunities! #Renewables #Europe #EnergyCrisis #StockMarket,"{'name': 'An', 'username': '@imsoet', 'profile_id': '1645150441431265282', 'avatar': 'https://pbs.twimg.com/profile_images/1645150441431265282/H3zDxxj5_bigger.jpg'}","Nov 29, 2024 Â· 1:28 PM UTC",False,False,,[],{},"{'comments': 0, 'retweets': 0, 'quotes': 0, 'likes': 0}",[],[],[]
60,https://twitter.com/InsideAlertCA/status/1862488724841328883#m,Real-time reporting on insider and Congress #stockmarket #trading activity available through our Discord linked in bio!  Join our growing community for FREE today!,"{'name': 'InsideAlert', 'username': '@InsideAlertCA', 'profile_id': '1803182786863366144', 'avatar': 'https://pbs.twimg.com/profile_images/1803182786863366144/w0oJyBUL_bigger.png'}","Nov 29, 2024 Â· 1:28 PM UTC",False,False,,[],{},"{'comments': 0, 'retweets': 0, 'quotes': 0, 'likes': 1}",[],[],[]
61,https://twitter.com/imsoet/status/1862488664858616111#m,Australian ASX 200 index up as mining stocks rally. Commodities drive growth down under! #ASX200 #Australia #StockMarket #Investing,"{'name': 'An', 'username': '@imsoet', 'profile_id': '1645150441431265282', 'avatar': 'https://pbs.twimg.com/profile_images/1645150441431265282/H3zDxxj5_bigger.jpg'}","Nov 29, 2024 Â· 1:27 PM UTC",False,False,,[],{},"{'comments': 0, 'retweets': 0, 'quotes': 0, 'likes': 2}",[],[],[]
62,https://twitter.com/StockPlaying260/status/1862488455017611555#m,"One hour until the market opens, and here are the current top gainers:   ğŸ”¥ $PGHL +40.61%   ğŸ”¥ $UMAC +30.64%   ğŸ”¥ $HLIO +30.47%   ğŸ”¥ $SOS +24.87%   ğŸ”¥ $BY +23.70%    Whoâ€™s on your radar this morning? ğŸš€ğŸ’¹    #TopGainers #StockMarket #DayTrading #MomentumTrading #StockPlaying260","{'name': 'Stock ğŸ›‘ğŸ“ˆPlayingâ€¼ï¸ğŸ˜¤260', 'username': '@StockPlaying260', 'profile_id': '1796314762210381824', 'avatar': 'https://pbs.twimg.com/profile_images/1796314762210381824/qCNWAJV9_bigger.jpg'}","Nov 29, 2024 Â· 1:27 PM UTC",False,False,,[],{},"{'comments': 0, 'retweets': 0, 'quotes': 0, 'likes': 0}",[],[],[]
